
{
    "comment" : "This file is used to help set default values when using the dotnet CLI extension Amazon.ElasticBeanstalk.Tools. For more information run \"dotnet eb --help\" from the project root.",
    "profile" : "lucas",
    "region"  : "sa-east-1",
    "application" : "Fodmap Project",
    "environment" : "FodmapProject",
    "iis-website" : "Default Web Site",
    "app-path"    : "/",
    "enable-xray" : false,
    "cname"       : "agregahttpweb-prod",
    "solution-stack" : "64bit Windows Server Core 2016 v1.2.0 running IIS 10.0",
    "environment-type" : "SingleInstance",
    "service-role"     : "aws-elasticbeanstalk-service-role",
    "health-check-url" : "/",
    "instance-type"    : "t2.micro",
    "key-pair"         : "agregapmlt2998"
}